,Timestamp,Value,UnitsAbbreviation,Good,Questionable,Substituted,Annotated
0,2022-12-19 16:50:37+00:00,"{'Name': 'Pt Created', 'Value': 253, 'IsSystem': True}",,False,False,False,False
1,2022-12-19 16:58:59.816009500+00:00,0.0,Kgal,True,False,False,False
2,2022-12-20 00:53:14.831008900+00:00,0.0,Kgal,True,False,False,False
3,2022-12-20 08:45:29.810012800+00:00,0.0,Kgal,True,False,False,False
4,2022-12-20 12:49:00.442001300+00:00,"{'Name': 'Calc Failed', 'Value': 249, 'IsSystem': True}",,False,False,False,False
5,2022-12-20 16:25:09.818008400+00:00,0.0,Kgal,True,False,False,False
6,2022-12-20 16:39:00.277008+00:00,0.20000000298023202,Kgal,True,False,False,False
7,2022-12-20 20:58:59.800003+00:00,13.5,Kgal,True,False,False,False
8,2022-12-20 23:43:14.787002500+00:00,21.700000762939453,Kgal,True,False,False,False
9,2022-12-21 07:43:10.215011500+00:00,44.400001525878906,Kgal,True,False,False,False
10,2022-12-21 10:23:30.194000200+00:00,52.599998474121094,Kgal,True,False,False,False
11,2022-12-21 13:43:10.132003700+00:00,62.099998474121094,Kgal,True,False,False,False
12,2022-12-21 16:45:44.817001300+00:00,71.4000015258789,Kgal,True,False,False,False
13,2022-12-21 18:32:14.798004100+00:00,76.69999694824219,Kgal,True,False,False,False
14,2022-12-21 20:31:44.819000200+00:00,82.80000305175781,Kgal,True,False,False,False
15,2022-12-21 22:55:30.003005900+00:00,90.19999694824219,Kgal,True,False,False,False
16,2022-12-22 06:54:10.021011300+00:00,112.30000305175781,Kgal,True,False,False,False
17,2022-12-22 13:22:24.834014800+00:00,130.10000610351562,Kgal,True,False,False,False
18,2022-12-22 16:38:59.816009500+00:00,140.10000610351562,Kgal,True,False,False,False
19,2022-12-22 17:31:49.997009200+00:00,143.6999969482422,Kgal,True,False,False,False
20,2022-12-22 20:09:39.828002900+00:00,152.6999969482422,Kgal,True,False,False,False
21,2022-12-23 00:57:44.836013700+00:00,166.89999389648438,Kgal,True,False,False,False
22,2022-12-23 08:55:50.148010200+00:00,189.6999969482422,Kgal,True,False,False,False
23,2022-12-23 16:55:39.869003200+00:00,212.6999969482422,Kgal,True,False,False,False
24,2022-12-23 17:27:54.788009600+00:00,214.1999969482422,Kgal,True,False,False,False
25,2022-12-23 17:28:03.773010200+00:00,"{'Name': 'Calc Failed', 'Value': 249, 'IsSystem': True}",,False,False,False,False
26,2022-12-23 17:28:04.819000200+00:00,214.1999969482422,Kgal,True,False,False,False
27,2022-12-23 22:38:54.818008400+00:00,229.10000610351562,Kgal,True,False,False,False
28,2022-12-23 22:39:03.773010200+00:00,"{'Name': 'Calc Failed', 'Value': 249, 'IsSystem': True}",,False,False,False,False
29,2022-12-23 22:39:04.819000200+00:00,229.10000610351562,Kgal,True,False,False,False
30,2022-12-24 06:38:19.815002400+00:00,252.10000610351562,Kgal,True,False,False,False
31,2022-12-24 14:37:59.780014+00:00,274.8999938964844,Kgal,True,False,False,False
32,2022-12-24 20:11:04.837005600+00:00,287.70001220703125,Kgal,True,False,False,False
33,2022-12-24 22:31:34.804000800+00:00,293.70001220703125,Kgal,True,False,False,False
34,2022-12-25 06:29:24.840011500+00:00,311.79998779296875,Kgal,True,False,False,False
35,2022-12-25 11:15:10.008010800+00:00,322.6000061035156,Kgal,True,False,False,False
36,2022-12-25 11:15:18.806015+00:00,"{'Name': 'Calc Failed', 'Value': 249, 'IsSystem': True}",,False,False,False,False
37,2022-12-25 11:15:19.790008500+00:00,322.6000061035156,Kgal,True,False,False,False
38,2022-12-25 19:14:34.783004700+00:00,340.8999938964844,Kgal,True,False,False,False
39,2022-12-26 03:13:50.263000400+00:00,359.20001220703125,Kgal,True,False,False,False
40,2022-12-26 11:13:44.853012+00:00,377.3999938964844,Kgal,True,False,False,False
41,2022-12-26 15:35:39.796005200+00:00,387.3999938964844,Kgal,True,False,False,False
42,2022-12-26 17:25:19.778015100+00:00,391.79998779296875,Kgal,True,False,False,False
43,2022-12-26 19:37:14.798004100+00:00,397.79998779296875,Kgal,True,False,False,False
44,2022-12-27 00:53:19.873001+00:00,410.0,Kgal,True,False,False,False
45,2022-12-27 00:53:28.827011100+00:00,"{'Name': 'Calc Failed', 'Value': 249, 'IsSystem': True}",,False,False,False,False
46,2022-12-27 00:53:30.045013400+00:00,410.0,Kgal,True,False,False,False
47,2022-12-27 08:51:39.828002900+00:00,428.1000061035156,Kgal,True,False,False,False
48,2022-12-27 14:53:19.781005800+00:00,441.79998779296875,Kgal,True,False,False,False
49,2022-12-27 22:52:10.035003600+00:00,460.5,Kgal,True,False,False,False
50,2022-12-28 06:51:24.827011100+00:00,478.70001220703125,Kgal,True,False,False,False
51,2022-12-28 09:19:04.839004500+00:00,484.79998779296875,Kgal,True,False,False,False
52,2022-12-28 14:15:10.076004+00:00,496.20001220703125,Kgal,True,False,False,False
53,2022-12-28 22:12:54.770004200+00:00,515.0,Kgal,True,False,False,False
54,2022-12-29 02:52:54.783004700+00:00,525.7999877929688,Kgal,True,False,False,False
55,2022-12-29 02:53:03.768005300+00:00,"{'Name': 'Calc Failed', 'Value': 249, 'IsSystem': True}",,False,False,False,False
56,2022-12-29 02:53:04.799011200+00:00,525.7999877929688,Kgal,True,False,False,False
57,2022-12-29 10:51:44.793014500+00:00,544.0999755859375,Kgal,True,False,False,False
58,2022-12-29 14:17:24.753005900+00:00,552.0,Kgal,True,False,False,False
59,2022-12-29 22:16:14.831008900+00:00,571.0999755859375,Kgal,True,False,False,False
60,2022-12-30 03:49:44.815002400+00:00,584.0999755859375,Kgal,True,False,False,False
61,2023-01-01 14:38:16.904006900+00:00,721.4000244140625,Kgal,True,False,False,False
62,2023-01-01 22:38:01.794006300+00:00,740.0,Kgal,True,False,False,False
63,2023-01-02 04:41:06.832000700+00:00,754.0,Kgal,True,False,False,False
64,2023-01-02 06:50:16.857009800+00:00,759.5999755859375,Kgal,True,False,False,False
65,2023-01-02 13:53:26.848007200+00:00,775.7000122070312,Kgal,True,False,False,False
66,2023-01-02 21:09:56.827011100+00:00,793.0,Kgal,True,False,False,False
67,2023-01-02 21:10:05.798004100+00:00,"{'Name': 'Calc Failed', 'Value': 249, 'IsSystem': True}",,False,False,False,False
68,2023-01-02 21:10:06.828002900+00:00,793.0,Kgal,True,False,False,False
69,2023-01-03 02:12:01.794006300+00:00,804.7000122070312,Kgal,True,False,False,False
70,2023-01-03 04:38:56.789001400+00:00,811.0,Kgal,True,False,False,False
71,2023-01-03 11:32:16.800003+00:00,826.5999755859375,Kgal,True,False,False,False
72,2023-01-03 11:32:25.786010700+00:00,"{'Name': 'Calc Failed', 'Value': 249, 'IsSystem': True}",,False,False,False,False
73,2023-01-03 11:32:26.801010100+00:00,826.5999755859375,Kgal,True,False,False,False
74,2023-01-03 13:29:41.753005900+00:00,831.2000122070312,Kgal,True,False,False,False
75,2023-01-03 15:57:51.868011400+00:00,837.5,Kgal,True,False,False,False
76,2023-01-03 18:54:31.882003700+00:00,846.0,Kgal,True,False,False,False
77,2023-01-03 20:14:52.008010800+00:00,850.2000122070312,Kgal,True,False,False,False
78,2023-01-03 21:48:41.787002500+00:00,854.2000122070312,Kgal,True,False,False,False
79,2023-01-03 21:48:50.771011300+00:00,"{'Name': 'Calc Failed', 'Value': 249, 'IsSystem': True}",,False,False,False,False
80,2023-01-03 21:48:51.957000700+00:00,854.2000122070312,Kgal,True,False,False,False
81,2023-01-04 00:19:36.795013400+00:00,860.2000122070312,Kgal,True,False,False,False
82,2023-01-04 08:17:56.793014500+00:00,878.4000244140625,Kgal,True,False,False,False
83,2023-01-04 10:06:41.799011200+00:00,882.4000244140625,Kgal,True,False,False,False
84,2023-01-04 10:06:50.753005900+00:00,"{'Name': 'Calc Failed', 'Value': 249, 'IsSystem': True}",,False,False,False,False
85,2023-01-04 10:06:51.784011800+00:00,882.4000244140625,Kgal,True,False,False,False
86,2023-01-04 13:31:11.829010+00:00,890.4000244140625,Kgal,True,False,False,False
87,2023-01-04 16:52:51.946014400+00:00,898.7999877929688,Kgal,True,False,False,False
88,2023-01-04 19:29:11.797012300+00:00,906.4000244140625,Kgal,True,False,False,False
89,2023-01-04 22:40:56.792007400+00:00,914.9000244140625,Kgal,True,False,False,False
90,2023-01-05 02:22:21.806015+00:00,923.4000244140625,Kgal,True,False,False,False
91,2023-01-05 02:22:30.775009100+00:00,"{'Name': 'Calc Failed', 'Value': 249, 'IsSystem': True}",,False,False,False,False
92,2023-01-05 02:22:31.931015+00:00,923.4000244140625,Kgal,True,False,False,False
93,2023-01-05 08:26:06.838012600+00:00,937.2999877929688,Kgal,True,False,False,False
94,2023-01-05 10:45:11.808013900+00:00,943.2000122070312,Kgal,True,False,False,False
95,2023-01-05 14:30:36.822006200+00:00,951.7999877929688,Kgal,True,False,False,False
96,2023-01-05 17:28:11.885009700+00:00,959.4000244140625,Kgal,True,False,False,False
97,2023-01-05 18:27:16.829010+00:00,962.7999877929688,Kgal,True,False,False,False
98,2023-01-05 20:12:41.812011700+00:00,967.7000122070312,Kgal,True,False,False,False
99,2023-01-05 22:14:21.783004700+00:00,973.9000244140625,Kgal,True,False,False,False
100,2023-01-06 03:39:51.877014100+00:00,986.0999755859375,Kgal,True,False,False,False
101,2023-01-06 11:38:41.848007200+00:00,1002.9000244140625,Kgal,True,False,False,False
102,2023-01-06 15:29:56.869003200+00:00,1011.4000244140625,Kgal,True,False,False,False
103,2023-01-06 19:27:31.866012500+00:00,1020.7999877929688,Kgal,True,False,False,False
104,2023-01-06 20:18:21.826004+00:00,1023.4000244140625,Kgal,True,False,False,False
105,2023-01-07 02:01:06.836013700+00:00,1037.0,Kgal,True,False,False,False
106,2023-01-07 05:01:46.818008400+00:00,1043.300048828125,Kgal,True,False,False,False
107,2023-01-07 05:01:55.788009600+00:00,"{'Name': 'Calc Failed', 'Value': 249, 'IsSystem': True}",,False,False,False,False
108,2023-01-07 05:01:56.818008400+00:00,1043.300048828125,Kgal,True,False,False,False
109,2023-01-07 12:59:41.808013900+00:00,1059.9000244140625,Kgal,True,False,False,False
110,2023-01-07 18:30:56.814010600+00:00,1072.0,Kgal,True,False,False,False
111,2023-01-08 00:37:36.804000800+00:00,1085.199951171875,Kgal,True,False,False,False
112,2023-01-08 08:35:32.034011800+00:00,1101.9000244140625,Kgal,True,False,False,False
113,2023-01-08 15:08:36.809005700+00:00,1115.5,Kgal,True,False,False,False
114,2023-01-08 23:06:46.809005700+00:00,1132.5,Kgal,True,False,False,False
115,2023-01-09 07:06:06.856002800+00:00,1149.199951171875,Kgal,True,False,False,False
116,2023-01-09 13:19:06.808013900+00:00,1162.0999755859375,Kgal,True,False,False,False
117,2023-01-09 17:09:36.770004200+00:00,1171.300048828125,Kgal,True,False,False,False
118,2023-01-09 19:32:16.812011700+00:00,1178.199951171875,Kgal,True,False,False,False
119,2023-01-09 20:23:46.820007300+00:00,1181.0999755859375,Kgal,True,False,False,False
120,2023-01-10 00:11:01.855010900+00:00,1190.5,Kgal,True,False,False,False
121,2023-01-10 05:27:51.792007400+00:00,1202.199951171875,Kgal,True,False,False,False
122,2023-01-10 07:36:56.805007900+00:00,1207.5999755859375,Kgal,True,False,False,False
123,2023-01-10 12:28:26.835006700+00:00,1218.0999755859375,Kgal,True,False,False,False
124,2023-01-10 12:28:35.821014400+00:00,"{'Name': 'Calc Failed', 'Value': 249, 'IsSystem': True}",,False,False,False,False
125,2023-01-10 12:28:36.835006700+00:00,1218.0999755859375,Kgal,True,False,False,False
126,2023-01-10 16:26:31.837005600+00:00,1227.699951171875,Kgal,True,False,False,False
127,2023-01-10 18:56:56.826004+00:00,1234.5999755859375,Kgal,True,False,False,False
128,2023-01-10 19:58:21.819000200+00:00,1237.800048828125,Kgal,True,False,False,False
129,2023-01-10 21:04:11.833007800+00:00,1241.199951171875,Kgal,True,False,False,False
130,2023-01-10 23:54:11.825012200+00:00,1248.0,Kgal,True,False,False,False
131,2023-01-11 07:53:56.804000800+00:00,1265.5999755859375,Kgal,True,False,False,False
132,2023-01-11 09:27:11.889007500+00:00,1269.0999755859375,Kgal,True,False,False,False
133,2023-01-11 10:05:21.965011500+00:00,1270.800048828125,Kgal,True,False,False,False
134,2023-01-11 10:05:30.810012800+00:00,"{'Name': 'Calc Failed', 'Value': 249, 'IsSystem': True}",,False,False,False,False
135,2023-01-11 10:05:31.827011100+00:00,1270.800048828125,Kgal,True,False,False,False
136,2023-01-11 11:47:21.807006800+00:00,1275.0,Kgal,True,False,False,False
137,2023-01-11 13:50:46.828002900+00:00,1279.699951171875,Kgal,True,False,False,False
138,2023-01-11 18:45:41.787002500+00:00,1292.5,Kgal,True,False,False,False
139,2023-01-11 19:35:56.801010100+00:00,1295.0999755859375,Kgal,True,False,False,False
140,2023-01-11 20:24:16.793014500+00:00,1298.300048828125,Kgal,True,False,False,False
141,2023-01-11 21:54:36.824005100+00:00,1302.5,Kgal,True,False,False,False
142,2023-01-12 04:40:36.807006800+00:00,1317.699951171875,Kgal,True,False,False,False
143,2023-01-12 12:38:11.797012300+00:00,1335.300048828125,Kgal,True,False,False,False
144,2023-01-12 15:15:01.826004+00:00,1341.4000244140625,Kgal,True,False,False,False
145,2023-01-12 19:43:01.798004100+00:00,1353.199951171875,Kgal,True,False,False,False
146,2023-01-12 20:38:16.804000800+00:00,1356.4000244140625,Kgal,True,False,False,False
147,2023-01-12 23:09:51.814010600+00:00,1362.699951171875,Kgal,True,False,False,False
148,2023-01-13 01:26:16.859008700+00:00,1367.800048828125,Kgal,True,False,False,False
149,2023-01-13 03:27:21.784011800+00:00,1373.0,Kgal,True,False,False,False
150,2023-01-13 07:42:26.804000800+00:00,1382.199951171875,Kgal,True,False,False,False
151,2023-01-13 07:42:35.790008500+00:00,"{'Name': 'Calc Failed', 'Value': 249, 'IsSystem': True}",,False,False,False,False
152,2023-01-13 07:42:36.806015+00:00,1382.199951171875,Kgal,True,False,False,False
153,2023-01-13 11:09:11.825012200+00:00,1389.800048828125,Kgal,True,False,False,False
154,2023-01-13 11:09:20.793014500+00:00,"{'Name': 'Calc Failed', 'Value': 249, 'IsSystem': True}",,False,False,False,False
155,2023-01-13 11:09:21.792007400+00:00,1389.800048828125,Kgal,True,False,False,False
156,2023-01-13 14:36:46.856002800+00:00,1397.5,Kgal,True,False,False,False
157,2023-01-13 15:46:31.830001800+00:00,1400.800048828125,Kgal,True,False,False,False
158,2023-01-13 17:16:51.825012200+00:00,1405.699951171875,Kgal,True,False,False,False
159,2023-01-13 18:01:06.814010600+00:00,1407.800048828125,Kgal,True,False,False,False
160,2023-01-13 20:30:56.796005200+00:00,1414.199951171875,Kgal,True,False,False,False
161,2023-01-13 22:49:31.810012800+00:00,1420.0,Kgal,True,False,False,False
162,2023-01-14 04:21:51.841003400+00:00,1432.300048828125,Kgal,True,False,False,False
163,2023-01-14 06:21:41.851013100+00:00,1437.300048828125,Kgal,True,False,False,False
164,2023-01-14 14:02:11.840011500+00:00,1454.0,Kgal,True,False,False,False
165,2023-01-14 14:02:20.810012800+00:00,"{'Name': 'Calc Failed', 'Value': 249, 'IsSystem': True}",,False,False,False,False
166,2023-01-14 14:02:21.840011500+00:00,1454.0999755859375,Kgal,True,False,False,False
167,2023-01-14 15:42:56.818008400+00:00,1457.9000244140625,Kgal,True,False,False,False
168,2023-01-14 16:33:06.804000800+00:00,1460.4000244140625,Kgal,True,False,False,False
169,2023-01-15 00:31:26.803009+00:00,1478.300048828125,Kgal,True,False,False,False
170,2023-01-15 08:29:31.789001400+00:00,1495.9000244140625,Kgal,True,False,False,False
171,2023-01-15 14:32:56.834014800+00:00,1509.199951171875,Kgal,True,False,False,False
172,2023-01-15 22:31:26.771011300+00:00,1527.4000244140625,Kgal,True,False,False,False
173,2023-01-16 06:29:11.909011800+00:00,1545.0999755859375,Kgal,True,False,False,False
174,2023-01-16 14:26:51.887008600+00:00,1562.800048828125,Kgal,True,False,False,False
175,2023-01-16 15:17:26.809005700+00:00,1564.800048828125,Kgal,True,False,False,False
176,2023-01-16 17:43:26.838012600+00:00,1571.0999755859375,Kgal,True,False,False,False
177,2023-01-16 20:17:16.821014400+00:00,1577.0999755859375,Kgal,True,False,False,False
178,2023-01-17 03:19:11.828002900+00:00,1593.0999755859375,Kgal,True,False,False,False
179,2023-01-17 05:14:31.851013100+00:00,1597.4000244140625,Kgal,True,False,False,False
180,2023-01-17 05:15:27.093002300+00:00,"{'Name': 'Calc Failed', 'Value': 249, 'IsSystem': True}",,False,False,False,False
181,2023-01-17 05:18:46.836013700+00:00,1597.5,Kgal,True,False,False,False
182,2023-01-17 13:14:26.802001900+00:00,1615.199951171875,Kgal,True,False,False,False
183,2023-01-17 14:05:51.840011500+00:00,1617.0,Kgal,True,False,False,False
184,2023-01-17 18:45:16.800003+00:00,1626.0999755859375,Kgal,True,False,False,False
185,2023-01-17 19:41:51.779006900+00:00,1628.300048828125,Kgal,True,False,False,False
186,2023-01-17 21:11:56.797012300+00:00,1632.5,Kgal,True,False,False,False
187,2023-01-17 21:52:46.817001300+00:00,1634.199951171875,Kgal,True,False,False,False
188,2023-01-18 01:54:01.826004+00:00,1642.5,Kgal,True,False,False,False
189,2023-01-18 09:51:36.801010100+00:00,1657.9000244140625,Kgal,True,False,False,False
190,2023-01-18 13:26:21.765014600+00:00,1664.9000244140625,Kgal,True,False,False,False
191,2023-01-18 15:08:21.810012800+00:00,1668.699951171875,Kgal,True,False,False,False
192,2023-01-18 16:01:41.785003600+00:00,1671.300048828125,Kgal,True,False,False,False
193,2023-01-18 18:36:21.815002400+00:00,1677.4000244140625,Kgal,True,False,False,False
194,2023-01-18 20:44:51.817001300+00:00,1683.300048828125,Kgal,True,False,False,False
195,2023-01-18 21:43:31.930007900+00:00,1685.5999755859375,Kgal,True,False,False,False
196,2023-01-18 23:47:21.800003+00:00,1691.699951171875,Kgal,True,False,False,False
197,2023-01-19 04:59:46.868011400+00:00,1705.9000244140625,Kgal,True,False,False,False
198,2023-01-19 05:02:20.941009500+00:00,"{'Name': 'Calc Failed', 'Value': 249, 'IsSystem': True}",,False,False,False,False
199,2023-01-19 05:06:52.778015100+00:00,1706.199951171875,Kgal,True,False,False,False
200,2023-01-19 05:15:37.827011100+00:00,1706.5999755859375,Kgal,True,False,False,False
201,2023-01-19 05:16:24.238006500+00:00,"{'Name': 'Calc Failed', 'Value': 249, 'IsSystem': True}",,False,False,False,False
202,2023-01-19 05:18:06.929000800+00:00,1706.699951171875,Kgal,True,False,False,False
203,2023-01-19 13:16:47.834014800+00:00,1728.300048828125,Kgal,True,False,False,False
204,2023-01-19 15:13:42.824005100+00:00,1734.0,Kgal,True,False,False,False
205,2023-01-19 22:05:47.827011100+00:00,1755.5,Kgal,True,False,False,False
206,2023-01-19 22:14:02.779006900+00:00,1755.800048828125,Kgal,True,False,False,False
207,2023-01-19 22:14:11.827011100+00:00,"{'Name': 'Calc Failed', 'Value': 249, 'IsSystem': True}",,False,False,False,False
208,2023-01-19 22:14:12.796005200+00:00,1755.9000244140625,Kgal,True,False,False,False
209,2023-01-20 04:13:37.788009600+00:00,1772.4000244140625,Kgal,True,False,False,False
210,2023-01-20 06:22:07.820007300+00:00,1778.9000244140625,Kgal,True,False,False,False
211,2023-01-20 11:17:12.818008400+00:00,1792.0,Kgal,True,False,False,False
212,2023-01-20 11:17:21.802001900+00:00,"{'Name': 'Calc Failed', 'Value': 249, 'IsSystem': True}",,False,False,False,False
213,2023-01-20 11:17:22.819000200+00:00,1792.0,Kgal,True,False,False,False
214,2023-01-20 14:40:32.816009500+00:00,1801.4000244140625,Kgal,True,False,False,False
215,2023-01-20 15:28:27.792007400+00:00,1803.699951171875,Kgal,True,False,False,False
216,2023-01-20 17:03:37.780014+00:00,1807.4000244140625,Kgal,True,False,False,False
217,2023-01-20 21:09:52.843002300+00:00,1819.800048828125,Kgal,True,False,False,False
218,2023-01-20 23:18:42.842010400+00:00,1826.199951171875,Kgal,True,False,False,False
219,2023-01-21 00:37:12.785003600+00:00,1830.199951171875,Kgal,True,False,False,False
220,2023-01-21 08:35:12.814010600+00:00,1851.5999755859375,Kgal,True,False,False,False
221,2023-01-21 16:34:57.799011200+00:00,1873.0999755859375,Kgal,True,False,False,False
222,2023-01-22 00:33:02.811004600+00:00,1895.0999755859375,Kgal,True,False,False,False
223,2023-01-22 08:32:07.815002400+00:00,1916.5999755859375,Kgal,True,False,False,False
224,2023-01-22 15:53:52.818008400+00:00,1936.300048828125,Kgal,True,False,False,False
225,2023-01-22 23:53:52.806015+00:00,1958.0999755859375,Kgal,True,False,False,False
226,2023-01-23 07:52:27.850006100+00:00,1979.5999755859375,Kgal,True,False,False,False
227,2023-01-23 12:59:27.815002400+00:00,1993.300048828125,Kgal,True,False,False,False
228,2023-01-23 14:15:02.861007600+00:00,1997.0999755859375,Kgal,True,False,False,False
229,2023-01-23 15:12:42.806015+00:00,1999.199951171875,Kgal,True,False,False,False
230,2023-01-23 16:38:17.855010900+00:00,2003.699951171875,Kgal,True,False,False,False
231,2023-01-23 17:53:32.809005700+00:00,2007.0999755859375,Kgal,True,False,False,False
232,2023-01-23 20:19:17.781005800+00:00,2012.5,Kgal,True,False,False,False
233,2023-01-23 22:52:12.793014500+00:00,2016.9000244140625,Kgal,True,False,False,False
234,2023-01-23 22:52:21.795013400+00:00,"{'Name': 'Calc Failed', 'Value': 249, 'IsSystem': True}",,False,False,False,False
235,2023-01-23 22:52:22.825012200+00:00,2016.9000244140625,Kgal,True,False,False,False
236,2023-01-24 04:03:47.813003500+00:00,2024.300048828125,Kgal,True,False,False,False
237,2023-01-24 12:00:57.830001800+00:00,2035.199951171875,Kgal,True,False,False,False
238,2023-01-24 14:34:22.783004700+00:00,2039.0,Kgal,True,False,False,False
239,2023-01-24 16:22:07.794006300+00:00,2042.4000244140625,Kgal,True,False,False,False
240,2023-01-24 17:19:32.821014400+00:00,2045.0,Kgal,True,False,False,False
241,2023-01-24 18:17:42.935012800+00:00,2046.9000244140625,Kgal,True,False,False,False
242,2023-01-24 22:58:47.980010900+00:00,2054.89990234375,Kgal,True,False,False,False
243,2023-01-25 05:56:21.836013700+00:00,2064.60009765625,Kgal,True,False,False,False
244,2023-01-25 05:57:07.477005+00:00,"{'Name': 'Calc Failed', 'Value': 249, 'IsSystem': True}",,False,False,False,False
245,2023-01-25 05:57:41.822006200+00:00,2064.60009765625,Kgal,True,False,False,False
246,2023-01-25 07:57:16.826004+00:00,2067.39990234375,Kgal,True,False,False,False
247,2023-01-25 10:00:31.803009+00:00,2070.800048828125,Kgal,True,False,False,False
248,2023-01-25 10:05:01.824005100+00:00,2070.89990234375,Kgal,True,False,False,False
249,2023-01-25 10:05:10.778015100+00:00,"{'Name': 'Calc Failed', 'Value': 249, 'IsSystem': True}",,False,False,False,False
250,2023-01-25 10:05:11.793014500+00:00,2070.89990234375,Kgal,True,False,False,False
251,2023-01-25 13:48:31.782012900+00:00,2076.0,Kgal,True,False,False,False
252,2023-01-25 17:06:46.821014400+00:00,2081.60009765625,Kgal,True,False,False,False
253,2023-01-25 18:08:56.844009300+00:00,2084.39990234375,Kgal,True,False,False,False
254,2023-01-25 22:24:11.812011700+00:00,2092.10009765625,Kgal,True,False,False,False
255,2023-01-25 23:58:51.823013300+00:00,2095.0,Kgal,True,False,False,False
256,2023-01-26 07:55:31.776000900+00:00,2106.10009765625,Kgal,True,False,False,False
257,2023-01-26 13:30:31.815002400+00:00,2113.699951171875,Kgal,True,False,False,False
258,2023-01-26 16:44:51.783004700+00:00,2119.199951171875,Kgal,True,False,False,False
259,2023-01-26 19:10:03.812011700+00:00,2124.0,Kgal,True,False,False,False
260,2023-01-26 20:39:43.803009+00:00,2127.39990234375,Kgal,True,False,False,False
261,2023-01-26 20:39:52.758010800+00:00,"{'Name': 'Calc Failed', 'Value': 249, 'IsSystem': True}",,False,False,False,False
262,2023-01-26 20:39:53.820007300+00:00,2127.39990234375,Kgal,True,False,False,False
263,2023-01-26 22:10:13.840011500+00:00,2130.199951171875,Kgal,True,False,False,False
264,2023-01-27 00:01:08.821014400+00:00,2133.199951171875,Kgal,True,False,False,False
265,2023-01-27 05:04:13.782012900+00:00,2140.300048828125,Kgal,True,False,False,False
266,2023-01-27 05:04:22.783004700+00:00,"{'Name': 'Calc Failed', 'Value': 249, 'IsSystem': True}",,False,False,False,False
267,2023-01-27 05:06:02.812011700+00:00,2140.300048828125,Kgal,True,False,False,False
268,2023-01-27 05:55:19.065002400+00:00,2141.5,Kgal,True,False,False,False
269,2023-01-27 05:57:48.794006300+00:00,"{'Name': 'Calc Failed', 'Value': 249, 'IsSystem': True}",,False,False,False,False
270,2023-01-27 05:59:53.031005800+00:00,2141.60009765625,Kgal,True,False,False,False
271,2023-01-27 13:36:33.796005200+00:00,2152.0,Kgal,True,False,False,False
272,2023-01-27 16:29:08.798004100+00:00,2156.89990234375,Kgal,True,False,False,False
273,2023-01-27 17:22:28.892013500+00:00,2159.199951171875,Kgal,True,False,False,False
274,2023-01-27 21:00:38.832000700+00:00,2165.60009765625,Kgal,True,False,False,False
275,2023-01-27 23:36:28.863006500+00:00,2169.699951171875,Kgal,True,False,False,False
276,2023-01-28 04:54:33.814010600+00:00,2177.10009765625,Kgal,True,False,False,False
277,2023-01-28 06:47:13.820007300+00:00,2180.199951171875,Kgal,True,False,False,False
278,2023-01-28 14:46:43.825012200+00:00,2191.10009765625,Kgal,True,False,False,False
279,2023-01-28 19:26:43.812011700+00:00,2197.89990234375,Kgal,True,False,False,False
280,2023-01-28 22:58:58.785003600+00:00,2203.199951171875,Kgal,True,False,False,False
281,2023-01-29 06:56:43.824005100+00:00,2214.10009765625,Kgal,True,False,False,False
282,2023-01-29 14:55:08.799011200+00:00,2225.0,Kgal,True,False,False,False
283,2023-01-29 17:44:28.813003500+00:00,2229.0,Kgal,True,False,False,False
284,2023-01-29 22:19:33.839004500+00:00,2235.699951171875,Kgal,True,False,False,False
285,2023-01-30 00:28:53.866012500+00:00,2239.5,Kgal,True,False,False,False
286,2023-01-30 08:28:43.836013700+00:00,2250.800048828125,Kgal,True,False,False,False
287,2023-01-30 13:27:28.823013300+00:00,2257.89990234375,Kgal,True,False,False,False
288,2023-01-30 15:57:58.823013300+00:00,2262.199951171875,Kgal,True,False,False,False
289,2023-01-30 19:47:43.798004100+00:00,2269.39990234375,Kgal,True,False,False,False
290,2023-01-30 21:26:48.787002500+00:00,2273.89990234375,Kgal,True,False,False,False
291,2023-01-30 22:56:33.800003+00:00,2278.0,Kgal,True,False,False,False
292,2023-01-31 06:55:43.827011100+00:00,2294.89990234375,Kgal,True,False,False,False
293,2023-01-31 13:13:23.800003+00:00,2308.10009765625,Kgal,True,False,False,False
294,2023-01-31 14:04:13.806015+00:00,2309.0,Kgal,True,False,False,False
295,2023-01-31 16:26:23.810012800+00:00,2314.199951171875,Kgal,True,False,False,False
296,2023-01-31 17:18:33.815002400+00:00,2316.300048828125,Kgal,True,False,False,False
297,2023-01-31 19:49:08.828002900+00:00,2321.699951171875,Kgal,True,False,False,False
298,2023-01-31 22:32:58.785003600+00:00,2326.60009765625,Kgal,True,False,False,False
299,2023-02-01 06:32:08.793014500+00:00,2335.800048828125,Kgal,True,False,False,False
300,2023-02-01 13:40:08.829010+00:00,2344.0,Kgal,True,False,False,False
301,2023-02-01 15:15:13.823013300+00:00,2346.39990234375,Kgal,True,False,False,False
302,2023-02-01 15:49:53.812011700+00:00,2347.60009765625,Kgal,True,False,False,False
303,2023-02-01 17:27:43.797012300+00:00,2350.0,Kgal,True,False,False,False
304,2023-02-01 17:58:48.818008400+00:00,2351.199951171875,Kgal,True,False,False,False
305,2023-02-01 18:40:53.779006900+00:00,2352.300048828125,Kgal,True,False,False,False
306,2023-02-01 19:59:18.802001900+00:00,2355.39990234375,Kgal,True,False,False,False
307,2023-02-01 22:16:18.847000100+00:00,2359.60009765625,Kgal,True,False,False,False
308,2023-02-02 03:47:28.805007900+00:00,2365.60009765625,Kgal,True,False,False,False
309,2023-02-02 04:37:48.830001800+00:00,2366.39990234375,Kgal,True,False,False,False
310,2023-02-02 04:37:57.768005300+00:00,"{'Name': 'Calc Failed', 'Value': 249, 'IsSystem': True}",,False,False,False,False
311,2023-02-02 04:37:58.830001800+00:00,2366.39990234375,Kgal,True,False,False,False
312,2023-02-02 12:37:43.784011800+00:00,2374.699951171875,Kgal,True,False,False,False
313,2023-02-02 15:11:06.831008900+00:00,2377.699951171875,Kgal,True,False,False,False
314,2023-02-02 18:23:16.800003+00:00,2382.300048828125,Kgal,True,False,False,False
315,2023-02-02 20:38:36.809005700+00:00,2386.199951171875,Kgal,True,False,False,False
316,2023-02-02 21:43:31.780014+00:00,2387.89990234375,Kgal,True,False,False,False
317,2023-02-03 00:02:06.786010700+00:00,2390.5,Kgal,True,False,False,False
318,2023-02-03 00:02:15.770004200+00:00,"{'Name': 'Calc Failed', 'Value': 249, 'IsSystem': True}",,False,False,False,False
319,2023-02-03 00:02:16.847000100+00:00,2390.5,Kgal,True,False,False,False
320,2023-02-03 04:59:36.826004+00:00,2395.800048828125,Kgal,True,False,False,False
321,2023-02-03 04:59:45.811004600+00:00,"{'Name': 'Calc Failed', 'Value': 249, 'IsSystem': True}",,False,False,False,False
322,2023-02-03 04:59:46.811004600+00:00,2395.800048828125,Kgal,True,False,False,False
323,2023-02-03 08:43:11.827011100+00:00,2399.60009765625,Kgal,True,False,False,False
324,2023-02-03 08:43:20.813003500+00:00,"{'Name': 'Calc Failed', 'Value': 249, 'IsSystem': True}",,False,False,False,False
325,2023-02-03 08:43:21.828002900+00:00,2399.60009765625,Kgal,True,False,False,False
326,2023-02-03 13:50:56.825012200+00:00,2404.89990234375,Kgal,True,False,False,False
327,2023-02-03 15:22:11.793014500+00:00,2407.5,Kgal,True,False,False,False
328,2023-02-03 16:18:51.810012800+00:00,2409.89990234375,Kgal,True,False,False,False
329,2023-02-03 17:39:21.931015+00:00,2411.800048828125,Kgal,True,False,False,False
330,2023-02-03 19:16:16.843002300+00:00,2415.10009765625,Kgal,True,False,False,False
331,2023-02-03 22:04:31.799011200+00:00,2419.0,Kgal,True,False,False,False
332,2023-02-03 23:40:31.801010100+00:00,2421.199951171875,Kgal,True,False,False,False
333,2023-02-04 07:40:16.839004500+00:00,2429.39990234375,Kgal,True,False,False,False
334,2023-02-04 08:45:01.908004700+00:00,2430.5,Kgal,True,False,False,False
335,2023-02-04 08:45:20.691009500+00:00,"{'Name': 'Calc Failed', 'Value': 249, 'IsSystem': True}",,False,False,False,False
336,2023-02-04 08:45:24.940002400+00:00,2430.5,Kgal,True,False,False,False
337,2023-02-04 10:48:14.093002300+00:00,2432.60009765625,Kgal,True,False,False,False
338,2023-02-04 10:48:25.843002300+00:00,"{'Name': 'Calc Failed', 'Value': 249, 'IsSystem': True}",,False,False,False,False
339,2023-02-04 10:48:48.344009300+00:00,2432.60009765625,Kgal,True,False,False,False
340,2023-02-04 15:50:26.834014800+00:00,2437.89990234375,Kgal,True,False,False,False
341,2023-02-04 16:15:16.817001300+00:00,2438.89990234375,Kgal,True,False,False,False
342,2023-02-05 00:12:56.812011700+00:00,2447.5,Kgal,True,False,False,False
343,2023-02-05 06:29:36.788009600+00:00,2454.10009765625,Kgal,True,False,False,False
344,2023-02-05 06:49:56.790008500+00:00,2454.60009765625,Kgal,True,False,False,False
345,2023-02-05 06:50:05.777008+00:00,"{'Name': 'Calc Failed', 'Value': 249, 'IsSystem': True}",,False,False,False,False
346,2023-02-05 06:50:06.790008500+00:00,2454.60009765625,Kgal,True,False,False,False
347,2023-02-05 08:24:26.831008900+00:00,2456.699951171875,Kgal,True,False,False,False
348,2023-02-05 08:40:06.814010600+00:00,2456.89990234375,Kgal,True,False,False,False
349,2023-02-05 08:40:15.738006500+00:00,"{'Name': 'Calc Failed', 'Value': 249, 'IsSystem': True}",,False,False,False,False
350,2023-02-05 08:40:16.768005300+00:00,2456.89990234375,Kgal,True,False,False,False
351,2023-02-05 14:38:06.790008500+00:00,2463.10009765625,Kgal,True,False,False,False
352,2023-02-05 22:35:21.805007900+00:00,2471.89990234375,Kgal,True,False,False,False
353,2023-02-06 06:34:21.827011100+00:00,2480.300048828125,Kgal,True,False,False,False
354,2023-02-06 13:28:26.813003500+00:00,2487.39990234375,Kgal,True,False,False,False
355,2023-02-06 16:24:21.772003100+00:00,2491.5,Kgal,True,False,False,False
356,2023-02-06 17:32:46.785003600+00:00,2494.300048828125,Kgal,True,False,False,False
357,2023-02-06 19:04:11.859008700+00:00,2497.0,Kgal,True,False,False,False
358,2023-02-06 22:30:21.846008300+00:00,2501.89990234375,Kgal,True,False,False,False
359,2023-02-07 01:09:31.801010100+00:00,2505.0,Kgal,True,False,False,False
360,2023-02-07 02:45:21.810012800+00:00,2507.10009765625,Kgal,True,False,False,False
361,2023-02-07 10:44:01.928009+00:00,2515.300048828125,Kgal,True,False,False,False
362,2023-02-07 13:50:11.801010100+00:00,2518.699951171875,Kgal,True,False,False,False
363,2023-02-07 14:55:16.805007900+00:00,2520.60009765625,Kgal,True,False,False,False
364,2023-02-07 17:01:31.798004100+00:00,2523.699951171875,Kgal,True,False,False,False
365,2023-02-07 18:18:46.842010400+00:00,2526.10009765625,Kgal,True,False,False,False
366,2023-02-07 19:57:11.759002600+00:00,2528.39990234375,Kgal,True,False,False,False
367,2023-02-07 23:04:41.794006300+00:00,2533.39990234375,Kgal,True,False,False,False
368,2023-02-07 23:04:50.779006900+00:00,"{'Name': 'Calc Failed', 'Value': 249, 'IsSystem': True}",,False,False,False,False
369,2023-02-07 23:04:51.810012800+00:00,2533.39990234375,Kgal,True,False,False,False
370,2023-02-08 00:25:21.812011700+00:00,2535.10009765625,Kgal,True,False,False,False
371,2023-02-08 08:21:11.836013700+00:00,2543.5,Kgal,True,False,False,False
372,2023-02-08 13:17:36.791000300+00:00,2548.60009765625,Kgal,True,False,False,False
373,2023-02-08 15:15:56.812011700+00:00,2551.10009765625,Kgal,True,False,False,False
374,2023-02-08 15:59:51.788009600+00:00,2552.5,Kgal,True,False,False,False
375,2023-02-08 19:00:36.842010400+00:00,2556.800048828125,Kgal,True,False,False,False
376,2023-02-08 19:29:31.856002800+00:00,2557.699951171875,Kgal,True,False,False,False
377,2023-02-08 19:29:40.748001+00:00,"{'Name': 'Calc Failed', 'Value': 249, 'IsSystem': True}",,False,False,False,False
378,2023-02-08 19:29:41.827011100+00:00,2557.699951171875,Kgal,True,False,False,False
379,2023-02-08 20:31:36.811004600+00:00,2559.5,Kgal,True,False,False,False
380,2023-02-08 22:05:21.807006800+00:00,2563.199951171875,Kgal,True,False,False,False
381,2023-02-09 00:00:46.802001900+00:00,2566.10009765625,Kgal,True,False,False,False
382,2023-02-09 03:31:41.814010600+00:00,2570.10009765625,Kgal,True,False,False,False
383,2023-02-09 07:02:42.008010800+00:00,2573.800048828125,Kgal,True,False,False,False
384,2023-02-09 07:02:50.774002+00:00,"{'Name': 'Calc Failed', 'Value': 249, 'IsSystem': True}",,False,False,False,False
385,2023-02-09 07:02:51.789001400+00:00,2573.800048828125,Kgal,True,False,False,False
386,2023-02-09 13:26:36.811004600+00:00,2580.5,Kgal,True,False,False,False
387,2023-02-09 16:53:26.847000100+00:00,2585.10009765625,Kgal,True,False,False,False
388,2023-02-09 21:25:11.852005+00:00,2592.0,Kgal,True,False,False,False
389,2023-02-09 22:49:36.809005700+00:00,2594.39990234375,Kgal,True,False,False,False
390,2023-02-10 05:58:56.871002100+00:00,2602.10009765625,Kgal,True,False,False,False
391,2023-02-10 11:00:01.807006800+00:00,2607.300048828125,Kgal,True,False,False,False
392,2023-02-10 11:00:10.779006900+00:00,"{'Name': 'Calc Failed', 'Value': 249, 'IsSystem': True}",,False,False,False,False
393,2023-02-10 11:00:11.792007400+00:00,2607.300048828125,Kgal,True,False,False,False
394,2023-02-10 14:48:31.773010200+00:00,2611.5,Kgal,True,False,False,False
395,2023-02-10 20:15:41.826004+00:00,2619.10009765625,Kgal,True,False,False,False
396,2023-02-10 22:36:21.826004+00:00,2622.89990234375,Kgal,True,False,False,False
397,2023-02-11 04:15:26.773010200+00:00,2628.89990234375,Kgal,True,False,False,False
398,2023-02-11 04:15:35.804000800+00:00,"{'Name': 'Calc Failed', 'Value': 249, 'IsSystem': True}",,False,False,False,False
399,2023-02-11 04:15:36.818008400+00:00,2628.89990234375,Kgal,True,False,False,False
400,2023-02-11 12:15:06.774002+00:00,2637.199951171875,Kgal,True,False,False,False
401,2023-02-11 16:44:11.810012800+00:00,2642.10009765625,Kgal,True,False,False,False
402,2023-02-11 17:22:36.808013900+00:00,2643.300048828125,Kgal,True,False,False,False
403,2023-02-11 22:19:51.819000200+00:00,2648.89990234375,Kgal,True,False,False,False
404,2023-02-12 03:01:41.843002300+00:00,2654.10009765625,Kgal,True,False,False,False
405,2023-02-12 10:56:16.874008100+00:00,2662.39990234375,Kgal,True,False,False,False
406,2023-02-12 15:05:06.827011100+00:00,2666.699951171875,Kgal,True,False,False,False
407,2023-02-12 18:25:36.841003400+00:00,2670.699951171875,Kgal,True,False,False,False
408,2023-02-12 20:19:26.784011800+00:00,2673.5,Kgal,True,False,False,False
409,2023-02-13 01:17:46.822006200+00:00,2679.199951171875,Kgal,True,False,False,False
410,2023-02-13 09:14:21.797012300+00:00,2687.60009765625,Kgal,True,False,False,False
411,2023-02-13 13:16:36.796005200+00:00,2691.89990234375,Kgal,True,False,False,False
412,2023-02-13 13:16:45.779006900+00:00,"{'Name': 'Calc Failed', 'Value': 249, 'IsSystem': True}",,False,False,False,False
413,2023-02-13 13:16:46.843002300+00:00,2691.89990234375,Kgal,True,False,False,False
414,2023-02-13 15:13:11.804000800+00:00,2694.5,Kgal,True,False,False,False
415,2023-02-13 17:42:46.818008400+00:00,2698.5,Kgal,True,False,False,False
416,2023-02-13 18:22:06.810012800+00:00,2699.89990234375,Kgal,True,False,False,False
417,2023-02-13 20:03:26.851013100+00:00,2702.39990234375,Kgal,True,False,False,False
418,2023-02-13 22:11:21.843002300+00:00,2706.199951171875,Kgal,True,False,False,False
419,2023-02-14 04:32:51.806015+00:00,2713.199951171875,Kgal,True,False,False,False
420,2023-02-14 12:29:46.823013300+00:00,2721.39990234375,Kgal,True,False,False,False
421,2023-02-14 18:49:51.835006700+00:00,2728.300048828125,Kgal,True,False,False,False
422,2023-02-14 19:25:01.784011800+00:00,2729.0,Kgal,True,False,False,False
423,2023-02-14 19:25:10.769012400+00:00,"{'Name': 'Calc Failed', 'Value': 249, 'IsSystem': True}",,False,False,False,False
424,2023-02-14 19:25:11.786010700+00:00,2729.0,Kgal,True,False,False,False
425,2023-02-15 01:52:26.797012300+00:00,2736.199951171875,Kgal,True,False,False,False
426,2023-02-15 01:52:35.736007600+00:00,"{'Name': 'Calc Failed', 'Value': 249, 'IsSystem': True}",,False,False,False,False
427,2023-02-15 01:52:36.751007+00:00,2736.199951171875,Kgal,True,False,False,False
428,2023-02-15 09:47:06.858001700+00:00,2744.699951171875,Kgal,True,False,False,False
429,2023-02-15 15:21:06.784011800+00:00,2750.699951171875,Kgal,True,False,False,False
430,2023-02-15 19:49:01.785003600+00:00,2755.89990234375,Kgal,True,False,False,False
431,2023-02-15 21:53:41.830001800+00:00,2758.89990234375,Kgal,True,False,False,False
432,2023-02-16 05:50:21.800003+00:00,2767.39990234375,Kgal,True,False,False,False
433,2023-02-16 13:36:31.796005200+00:00,2775.60009765625,Kgal,True,False,False,False
434,2023-02-16 16:53:56.815002400+00:00,2779.800048828125,Kgal,True,False,False,False
435,2023-02-16 18:33:31.820007300+00:00,2783.199951171875,Kgal,True,False,False,False
436,2023-02-16 20:33:56.848007200+00:00,2785.800048828125,Kgal,True,False,False,False
437,2023-02-16 22:34:56.788009600+00:00,2788.89990234375,Kgal,True,False,False,False
438,2023-02-17 04:36:51.858001700+00:00,2795.39990234375,Kgal,True,False,False,False
439,2023-02-17 07:28:21.770004200+00:00,2798.300048828125,Kgal,True,False,False,False
440,2023-02-17 07:28:30.847000100+00:00,"{'Name': 'Calc Failed', 'Value': 249, 'IsSystem': True}",,False,False,False,False
441,2023-02-17 07:28:31.784011800+00:00,2798.300048828125,Kgal,True,False,False,False
442,2023-02-17 14:04:56.832000700+00:00,2805.10009765625,Kgal,True,False,False,False
443,2023-02-17 18:04:16.790008500+00:00,2810.300048828125,Kgal,True,False,False,False
444,2023-02-17 22:32:36.827011100+00:00,2818.300048828125,Kgal,True,False,False,False
445,2023-02-18 00:43:16.813003500+00:00,2820.89990234375,Kgal,True,False,False,False
446,2023-02-18 08:40:26.817001300+00:00,2829.199951171875,Kgal,True,False,False,False
447,2023-02-18 15:23:01.843002300+00:00,2836.10009765625,Kgal,True,False,False,False
448,2023-02-18 15:57:26.851013100+00:00,2837.199951171875,Kgal,True,False,False,False
449,2023-02-18 19:38:01.806015+00:00,2841.199951171875,Kgal,True,False,False,False
450,2023-02-19 01:42:36.841003400+00:00,2848.0,Kgal,True,False,False,False
451,2023-02-19 09:42:36.812011700+00:00,2856.300048828125,Kgal,True,False,False,False
452,2023-02-19 14:50:51.800003+00:00,2861.699951171875,Kgal,True,False,False,False
453,2023-02-19 17:24:41.821014400+00:00,2865.300048828125,Kgal,True,False,False,False
454,2023-02-20 01:23:06.828002900+00:00,2874.39990234375,Kgal,True,False,False,False
455,2023-02-20 09:22:11.794006300+00:00,2882.800048828125,Kgal,True,False,False,False
456,2023-02-20 13:35:01.786010700+00:00,2887.199951171875,Kgal,True,False,False,False
457,2023-02-20 15:00:46.816009500+00:00,2889.800048828125,Kgal,True,False,False,False
458,2023-02-20 17:15:06.805007900+00:00,2892.89990234375,Kgal,True,False,False,False
459,2023-02-20 20:03:41.805007900+00:00,2897.89990234375,Kgal,True,False,False,False
460,2023-02-21 00:17:21.800003+00:00,2903.300048828125,Kgal,True,False,False,False
461,2023-02-21 02:31:51.802001900+00:00,2905.699951171875,Kgal,True,False,False,False
462,2023-02-21 02:32:00.787002500+00:00,"{'Name': 'Calc Failed', 'Value': 249, 'IsSystem': True}",,False,False,False,False
463,2023-02-21 02:32:01.833007800+00:00,2905.699951171875,Kgal,True,False,False,False
464,2023-02-21 07:23:31.837005600+00:00,2911.0,Kgal,True,False,False,False
465,2023-02-21 13:06:01.836013700+00:00,2917.199951171875,Kgal,True,False,False,False
466,2023-02-21 15:37:31.797012300+00:00,2920.60009765625,Kgal,True,False,False,False
467,2023-02-21 17:37:26.796005200+00:00,2924.5,Kgal,True,False,False,False
468,2023-02-21 20:47:56.853012+00:00,2930.800048828125,Kgal,True,False,False,False
469,2023-02-21 23:08:46.814010600+00:00,2934.0,Kgal,True,False,False,False
470,2023-02-22 03:47:16.773010200+00:00,2939.199951171875,Kgal,True,False,False,False
471,2023-02-22 03:47:25.757003700+00:00,"{'Name': 'Calc Failed', 'Value': 249, 'IsSystem': True}",,False,False,False,False
472,2023-02-22 03:47:26.787002500+00:00,2939.199951171875,Kgal,True,False,False,False
473,2023-02-22 11:46:46.793014500+00:00,2947.699951171875,Kgal,True,False,False,False
474,2023-02-22 14:21:06.798004100+00:00,2950.60009765625,Kgal,True,False,False,False
475,2023-02-22 17:46:51.798004100+00:00,2955.10009765625,Kgal,True,False,False,False
476,2023-02-22 20:05:31.774002+00:00,2959.0,Kgal,True,False,False,False
477,2023-02-22 23:52:26.770004200+00:00,2963.300048828125,Kgal,True,False,False,False
478,2023-02-23 04:03:26.823013300+00:00,2967.800048828125,Kgal,True,False,False,False
479,2023-02-23 11:59:16.813003500+00:00,2976.0,Kgal,True,False,False,False
480,2023-02-23 15:22:56.785003600+00:00,2979.699951171875,Kgal,True,False,False,False
481,2023-02-23 21:12:51.803009+00:00,2987.39990234375,Kgal,True,False,False,False
482,2023-02-23 22:21:11.848007200+00:00,2989.199951171875,Kgal,True,False,False,False
483,2023-02-23 22:21:20.787002500+00:00,"{'Name': 'Calc Failed', 'Value': 249, 'IsSystem': True}",,False,False,False,False
484,2023-02-23 22:21:21.833007800+00:00,2989.199951171875,Kgal,True,False,False,False
485,2023-02-24 00:02:01.773010200+00:00,2991.39990234375,Kgal,True,False,False,False
486,2023-02-24 08:00:31.802001900+00:00,2999.89990234375,Kgal,True,False,False,False
487,2023-02-24 14:03:16.822006200+00:00,3006.10009765625,Kgal,True,False,False,False
488,2023-02-24 16:41:11.773010200+00:00,3009.60009765625,Kgal,True,False,False,False
489,2023-02-24 18:58:41.839004500+00:00,3014.300048828125,Kgal,True,False,False,False
490,2023-02-24 20:20:46.823013300+00:00,3016.199951171875,Kgal,True,False,False,False
491,2023-02-24 21:54:01.819000200+00:00,3019.0,Kgal,True,False,False,False
492,2023-02-24 23:58:31.840011500+00:00,3021.699951171875,Kgal,True,False,False,False
493,2023-02-25 06:09:56.906005800+00:00,3028.300048828125,Kgal,True,False,False,False
494,2023-02-25 13:18:36.837005600+00:00,3035.60009765625,Kgal,True,False,False,False
495,2023-02-25 18:07:26.798004100+00:00,3041.300048828125,Kgal,True,False,False,False
496,2023-02-25 20:44:16.787002500+00:00,3044.60009765625,Kgal,True,False,False,False
497,2023-02-26 04:41:11.814010600+00:00,3053.10009765625,Kgal,True,False,False,False
498,2023-02-26 12:38:51.811004600+00:00,3061.300048828125,Kgal,True,False,False,False
499,2023-02-26 16:23:01.803009+00:00,3065.5,Kgal,True,False,False,False
500,2023-02-26 18:42:46.798004100+00:00,3069.10009765625,Kgal,True,False,False,False
501,2023-02-27 00:52:06.824005100+00:00,3076.0,Kgal,True,False,False,False
502,2023-02-27 08:48:21.843002300+00:00,3084.39990234375,Kgal,True,False,False,False
503,2023-02-27 13:28:41.804000800+00:00,3089.199951171875,Kgal,True,False,False,False
504,2023-02-27 19:51:01.766006400+00:00,3098.0,Kgal,True,False,False,False
505,2023-02-27 21:57:56.809005700+00:00,3101.5,Kgal,True,False,False,False
506,2023-02-28 00:43:21.803009+00:00,3104.800048828125,Kgal,True,False,False,False
507,2023-02-28 08:41:01.814010600+00:00,3113.0,Kgal,True,False,False,False
508,2023-02-28 09:40:46.775009100+00:00,3114.0,Kgal,True,False,False,False
509,2023-02-28 09:40:55.807006800+00:00,"{'Name': 'Calc Failed', 'Value': 249, 'IsSystem': True}",,False,False,False,False
510,2023-02-28 09:40:56.809005700+00:00,3114.0,Kgal,True,False,False,False
511,2023-02-28 13:01:06.831008900+00:00,3117.5,Kgal,True,False,False,False
512,2023-02-28 16:28:41.868011400+00:00,3122.0,Kgal,True,False,False,False
513,2023-02-28 17:17:26.836013700+00:00,3123.699951171875,Kgal,True,False,False,False
514,2023-02-28 18:49:16.943008400+00:00,3126.0,Kgal,True,False,False,False
515,2023-02-28 20:53:56.800003+00:00,3129.800048828125,Kgal,True,False,False,False
516,2023-02-28 23:34:51.898010200+00:00,3133.199951171875,Kgal,True,False,False,False
517,2023-03-01 07:30:06.838012600+00:00,3141.60009765625,Kgal,True,False,False,False
518,2023-03-01 13:16:11.817001300+00:00,3147.5,Kgal,True,False,False,False
519,2023-03-01 16:53:11.795013400+00:00,3152.199951171875,Kgal,True,False,False,False
520,2023-03-01 18:31:36.827011100+00:00,3154.60009765625,Kgal,True,False,False,False
521,2023-03-01 22:43:31.853012+00:00,3164.5,Kgal,True,False,False,False
522,2023-03-02 03:03:06.836013700+00:00,3172.800048828125,Kgal,True,False,False,False
523,2023-03-02 11:02:11.814010600+00:00,3187.199951171875,Kgal,True,False,False,False
524,2023-03-02 14:17:41.782012900+00:00,3193.199951171875,Kgal,True,False,False,False
525,2023-03-02 19:22:06.813003500+00:00,3204.199951171875,Kgal,True,False,False,False
526,2023-03-02 23:03:21.799011200+00:00,3211.800048828125,Kgal,True,False,False,False
527,2023-03-03 03:55:56.827011100+00:00,3220.699951171875,Kgal,True,False,False,False
528,2023-03-03 05:59:11.813003500+00:00,3225.0,Kgal,True,False,False,False
529,2023-03-03 13:47:31.825012200+00:00,3239.10009765625,Kgal,True,False,False,False
530,2023-03-03 16:42:51.817001300+00:00,3245.300048828125,Kgal,True,False,False,False
531,2023-03-03 20:09:11.841003400+00:00,3249.89990234375,Kgal,True,False,False,False
532,2023-03-03 22:53:56.807006800+00:00,3253.300048828125,Kgal,True,False,False,False
533,2023-03-04 01:15:56.797012300+00:00,3255.800048828125,Kgal,True,False,False,False
534,2023-03-04 03:16:51.833007800+00:00,3258.5,Kgal,True,False,False,False
535,2023-03-04 11:12:11.841003400+00:00,3266.60009765625,Kgal,True,False,False,False
536,2023-03-04 12:00:46.817001300+00:00,3267.39990234375,Kgal,True,False,False,False
537,2023-03-04 12:00:55.787002500+00:00,"{'Name': 'Calc Failed', 'Value': 249, 'IsSystem': True}",,False,False,False,False
538,2023-03-04 12:00:56.864013600+00:00,3267.39990234375,Kgal,True,False,False,False
539,2023-03-04 17:28:46.782012900+00:00,3273.5,Kgal,True,False,False,False
540,2023-03-04 20:16:06.770004200+00:00,3276.60009765625,Kgal,True,False,False,False
541,2023-03-04 20:16:15.725006100+00:00,"{'Name': 'Calc Failed', 'Value': 249, 'IsSystem': True}",,False,False,False,False
542,2023-03-04 20:16:16.787002500+00:00,3276.60009765625,Kgal,True,False,False,False
543,2023-03-05 04:14:26.814010600+00:00,3285.300048828125,Kgal,True,False,False,False
544,2023-03-05 11:50:11.760009700+00:00,3293.199951171875,Kgal,True,False,False,False
545,2023-03-05 11:50:20.774002+00:00,"{'Name': 'Calc Failed', 'Value': 249, 'IsSystem': True}",,False,False,False,False
546,2023-03-05 11:50:21.789001400+00:00,3293.199951171875,Kgal,True,False,False,False
547,2023-03-05 15:01:26.819000200+00:00,3296.60009765625,Kgal,True,False,False,False
548,2023-03-05 17:54:26.796005200+00:00,3300.0,Kgal,True,False,False,False
549,2023-03-05 19:53:01.833007800+00:00,3303.0,Kgal,True,False,False,False
550,2023-03-05 22:36:31.805007900+00:00,3306.0,Kgal,True,False,False,False
551,2023-03-05 22:36:40.766006400+00:00,"{'Name': 'Calc Failed', 'Value': 249, 'IsSystem': True}",,False,False,False,False
552,2023-03-05 22:36:41.797012300+00:00,3306.0,Kgal,True,False,False,False
553,2023-03-06 05:19:01.855010900+00:00,3313.39990234375,Kgal,True,False,False,False
554,2023-03-06 13:14:46.843002300+00:00,3321.89990234375,Kgal,True,False,False,False
555,2023-03-06 16:59:21.853012+00:00,3326.800048828125,Kgal,True,False,False,False
556,2023-03-06 19:50:36.863006500+00:00,3331.0,Kgal,True,False,False,False
557,2023-03-06 20:46:46.815002400+00:00,3333.10009765625,Kgal,True,False,False,False
558,2023-03-06 23:23:31.839004500+00:00,3336.5,Kgal,True,False,False,False
559,2023-03-07 01:34:16.797012300+00:00,3338.89990234375,Kgal,True,False,False,False
560,2023-03-07 03:06:06.790008500+00:00,3341.0,Kgal,True,False,False,False
561,2023-03-07 03:06:15.775009100+00:00,"{'Name': 'Calc Failed', 'Value': 249, 'IsSystem': True}",,False,False,False,False
562,2023-03-07 03:06:16.821014400+00:00,3341.0,Kgal,True,False,False,False
563,2023-03-07 06:37:21.808013900+00:00,3344.89990234375,Kgal,True,False,False,False
564,2023-03-07 13:31:06.808013900+00:00,3352.10009765625,Kgal,True,False,False,False
565,2023-03-07 14:29:31.826004+00:00,3353.60009765625,Kgal,True,False,False,False
566,2023-03-07 19:14:36.811004600+00:00,3359.89990234375,Kgal,True,False,False,False
567,2023-03-07 19:14:45.777008+00:00,"{'Name': 'Calc Failed', 'Value': 249, 'IsSystem': True}",,False,False,False,False
568,2023-03-07 19:14:46.809005700+00:00,3359.89990234375,Kgal,True,False,False,False
569,2023-03-07 21:35:31.813003500+00:00,3363.39990234375,Kgal,True,False,False,False
570,2023-03-08 00:16:46.811004600+00:00,3367.39990234375,Kgal,True,False,False,False
571,2023-03-08 08:13:11.816009500+00:00,3375.800048828125,Kgal,True,False,False,False
572,2023-03-08 13:24:41.800003+00:00,3381.199951171875,Kgal,True,False,False,False
573,2023-03-08 14:59:46.833007800+00:00,3383.39990234375,Kgal,True,False,False,False
574,2023-03-08 15:53:06.796005200+00:00,3384.60009765625,Kgal,True,False,False,False
575,2023-03-08 16:45:21.816009500+00:00,3386.0,Kgal,True,False,False,False
576,2023-03-08 18:40:21.841003400+00:00,3388.800048828125,Kgal,True,False,False,False
577,2023-03-08 20:06:01.823013300+00:00,3392.10009765625,Kgal,True,False,False,False
578,2023-03-08 21:31:31.851013100+00:00,3396.10009765625,Kgal,True,False,False,False
579,2023-03-08 23:12:06.857009800+00:00,3398.89990234375,Kgal,True,False,False,False
580,2023-03-08 23:32:21.798004100+00:00,3399.39990234375,Kgal,True,False,False,False
581,2023-03-08 23:32:30.752014100+00:00,"{'Name': 'Calc Failed', 'Value': 249, 'IsSystem': True}",,False,False,False,False
582,2023-03-08 23:32:31.845001200+00:00,3399.39990234375,Kgal,True,False,False,False
583,2023-03-09 07:29:16.796005200+00:00,3409.39990234375,Kgal,True,False,False,False
584,2023-03-09 13:41:01.830001800+00:00,3417.0,Kgal,True,False,False,False
585,2023-03-09 18:28:01.844009300+00:00,3423.699951171875,Kgal,True,False,False,False
586,2023-03-09 20:03:51.798004100+00:00,3426.0,Kgal,True,False,False,False
587,2023-03-09 22:09:06.836013700+00:00,3429.699951171875,Kgal,True,False,False,False
588,2023-03-10 02:32:51.831008900+00:00,3434.60009765625,Kgal,True,False,False,False
589,2023-03-10 10:32:26.808013900+00:00,3442.800048828125,Kgal,True,False,False,False
590,2023-03-10 13:35:21.786010700+00:00,3446.10009765625,Kgal,True,False,False,False
591,2023-03-10 16:17:41.786010700+00:00,3450.199951171875,Kgal,True,False,False,False
592,2023-03-10 17:56:56.813003500+00:00,3452.199951171875,Kgal,True,False,False,False
593,2023-03-10 18:48:36.829010+00:00,3453.89990234375,Kgal,True,False,False,False
594,2023-03-10 21:22:46.806015+00:00,3457.39990234375,Kgal,True,False,False,False
595,2023-03-10 23:59:06.811004600+00:00,3461.300048828125,Kgal,True,False,False,False
596,2023-03-11 07:58:26.793014500+00:00,3469.699951171875,Kgal,True,False,False,False
597,2023-03-11 13:25:06.881011900+00:00,3475.39990234375,Kgal,True,False,False,False
598,2023-03-11 16:27:26.831008900+00:00,3479.0,Kgal,True,False,False,False
599,2023-03-11 18:12:41.954010+00:00,3481.5,Kgal,True,False,False,False
600,2023-03-11 22:36:16.800003+00:00,3486.39990234375,Kgal,True,False,False,False
601,2023-03-12 06:33:56.784011800+00:00,3494.89990234375,Kgal,True,False,False,False
602,2023-03-12 09:14:16.791000300+00:00,3497.800048828125,Kgal,True,False,False,False
603,2023-03-12 11:15:51.842010400+00:00,3500.5,Kgal,True,False,False,False
604,2023-03-12 19:14:06.805007900+00:00,3509.10009765625,Kgal,True,False,False,False
605,2023-03-13 03:14:01.827011100+00:00,3517.5,Kgal,True,False,False,False
606,2023-03-13 05:47:41.807006800+00:00,3520.300048828125,Kgal,True,False,False,False
607,2023-03-13 06:01:06.812011700+00:00,3520.60009765625,Kgal,True,False,False,False
608,2023-03-13 06:01:15.782012900+00:00,"{'Name': 'Calc Failed', 'Value': 249, 'IsSystem': True}",,False,False,False,False
609,2023-03-13 06:01:16.814010600+00:00,3520.699951171875,Kgal,True,False,False,False
610,2023-03-13 07:22:46.793014500+00:00,3522.5,Kgal,True,False,False,False
611,2023-03-13 07:22:55.779006900+00:00,"{'Name': 'Calc Failed', 'Value': 249, 'IsSystem': True}",,False,False,False,False
612,2023-03-13 07:22:56.809005700+00:00,3522.5,Kgal,True,False,False,False
613,2023-03-13 12:24:26.818008400+00:00,3527.89990234375,Kgal,True,False,False,False
614,2023-03-13 15:22:16.800003+00:00,3531.89990234375,Kgal,True,False,False,False
615,2023-03-13 19:00:51.809005700+00:00,3537.300048828125,Kgal,True,False,False,False
616,2023-03-13 19:53:11.889007500+00:00,3538.5,Kgal,True,False,False,False
617,2023-03-13 21:56:36.818008400+00:00,3541.800048828125,Kgal,True,False,False,False
618,2023-03-14 05:53:51.830001800+00:00,3550.300048828125,Kgal,True,False,False,False
619,2023-03-14 12:48:21.776000900+00:00,3557.5,Kgal,True,False,False,False
620,2023-03-14 15:30:01.795013400+00:00,3561.300048828125,Kgal,True,False,False,False
621,2023-03-14 20:56:51.849014200+00:00,3569.5,Kgal,True,False,False,False
622,2023-03-14 22:55:51.806015+00:00,3572.5,Kgal,True,False,False,False
623,2023-03-15 06:55:41.835006700+00:00,3581.0,Kgal,True,False,False,False
624,2023-03-15 12:51:36.815002400+00:00,3587.199951171875,Kgal,True,False,False,False
625,2023-03-15 17:09:51.820007300+00:00,3593.199951171875,Kgal,True,False,False,False
626,2023-03-15 18:02:21.812011700+00:00,3595.199951171875,Kgal,True,False,False,False
627,2023-03-15 18:55:16.786010700+00:00,3596.699951171875,Kgal,True,False,False,False
628,2023-03-15 20:59:56.832000700+00:00,3600.39990234375,Kgal,True,False,False,False
629,2023-03-15 23:20:26.816009500+00:00,3603.300048828125,Kgal,True,False,False,False
630,2023-03-16 07:19:21.750000+00:00,3612.10009765625,Kgal,True,False,False,False
631,2023-03-16 12:25:41.788009600+00:00,3617.5,Kgal,True,False,False,False
632,2023-03-16 14:58:16.796005200+00:00,3621.10009765625,Kgal,True,False,False,False
633,2023-03-16 17:37:06.829010+00:00,3625.0,Kgal,True,False,False,False
634,2023-03-16 18:57:16.774002+00:00,3627.199951171875,Kgal,True,False,False,False
635,2023-03-16 18:57:25.759002600+00:00,"{'Name': 'Calc Failed', 'Value': 249, 'IsSystem': True}",,False,False,False,False
636,2023-03-16 18:57:26.883010800+00:00,3627.199951171875,Kgal,True,False,False,False
637,2023-03-16 20:27:46.828002900+00:00,3629.89990234375,Kgal,True,False,False,False
638,2023-03-16 22:59:41.799011200+00:00,3633.0,Kgal,True,False,False,False
639,2023-03-17 06:40:46.817001300+00:00,3641.5,Kgal,True,False,False,False
640,2023-03-17 12:21:16.814010600+00:00,3647.60009765625,Kgal,True,False,False,False
641,2023-03-17 15:34:41.770004200+00:00,3651.89990234375,Kgal,True,False,False,False
642,2023-03-17 18:29:21.803009+00:00,3656.5,Kgal,True,False,False,False
643,2023-03-17 20:19:41.787002500+00:00,3659.60009765625,Kgal,True,False,False,False
644,2023-03-18 01:05:26.828002900+00:00,3665.10009765625,Kgal,True,False,False,False
645,2023-03-18 09:05:21.840011500+00:00,3673.39990234375,Kgal,True,False,False,False
646,2023-03-18 17:01:26.905014+00:00,3682.0,Kgal,True,False,False,False
647,2023-03-19 00:58:41.813003500+00:00,3690.699951171875,Kgal,True,False,False,False
648,2023-03-19 06:44:41.844009300+00:00,3696.60009765625,Kgal,True,False,False,False
649,2023-03-19 06:44:50.796005200+00:00,"{'Name': 'Calc Failed', 'Value': 249, 'IsSystem': True}",,False,False,False,False
650,2023-03-19 06:44:51.811004600+00:00,3696.60009765625,Kgal,True,False,False,False
651,2023-03-19 11:30:21.807006800+00:00,3701.699951171875,Kgal,True,False,False,False
652,2023-03-19 13:26:51.818008400+00:00,3704.39990234375,Kgal,True,False,False,False
653,2023-03-19 17:26:21.803009+00:00,3708.89990234375,Kgal,True,False,False,False
